{
  "strategy_name": "HEAD_SHOULDER",
  "params": {
    "roi": {
      "0": 5000
    },
    "stoploss": {
      "stoploss": -0.85
    },
    "trailing": {
      "trailing_stop": false,
      "trailing_stop_positive": null,
      "trailing_stop_positive_offset": 0.0,
      "trailing_only_offset_is_reached": false
    },
    "max_open_trades": {
      "max_open_trades": 1
    },
    "buy": {
      "LEV": 5,
      "early_find": false,
      "hold_or_tpsl": "hold",
      "order": 52,
      "pattern_type": "both"
    },
    "sell": {},
    "protection": {}
  },
  "ft_stratparam_v": 1,
  "export_time": "2025-03-01 14:35:33.371676+00:00"
}