{
  "strategy_name": "CME",
  "params": {
    "roi": {
      "0": 500.0
    },
    "stoploss": {
      "stoploss": -0.95
    },
    "trailing": {
      "trailing_stop": false,
      "trailing_stop_positive": null,
      "trailing_stop_positive_offset": 0.0,
      "trailing_only_offset_is_reached": false
    },
    "max_open_trades": {
      "max_open_trades": 1
    },
    "buy": {
      "give_up_time_delta_hours": 51,
      "min_gap_percent": 0.11,
      "min_hours_after_friday_close": 29,
      "stop_loss_pc": 0.66,
      "trailing_stop_fraction": 0.51,
      "window_duration_hours": 95
    },
    "sell": {},
    "protection": {}
  },
  "ft_stratparam_v": 1,
  "export_time": "2025-02-25 17:41:58.802117+00:00"
}